{
  "Answer F1": 0.2942653173603933,
  "Answer F1 by type": {
    "extractive": 0.3403209510227177,
    "abstractive": 0.2307497973615049,
    "boolean": 0.32804901762637545,
    "none": 0.11961773254045475
  },
  "Evidence F1": 0.0,
  "Evidence Recall": 0.0,
  "Missing predictions": 0
}