{
  "Answer F1": 0.3720059370947626,
  "Answer F1 by type": {
    "extractive": 0.38874208629780055,
    "abstractive": 0.22912089816736658,
    "boolean": 0.6268604151866085,
    "none": 0.2095604537416384
  },
  "Evidence F1": 0.297216550321487,
  "Evidence Recall": 0.5074836602775595,
  "Missing predictions": 0
}