{
  "Answer F1": 0.383721968746019,
  "Answer F1 by type": {
    "extractive": 0.4222945861126367,
    "abstractive": 0.17554397640308986,
    "boolean": 0.7610619469026548,
    "none": 0.0
  },
  "Evidence F1": 0.3807979676346319,
  "Evidence Recall": 0.5927985884767053,
  "Missing predictions": 0
}