{
  "Answer F1": 0.31991243877897485,
  "Answer F1 by type": {
    "extractive": 0.324100127800121,
    "abstractive": 0.16268161804235143,
    "boolean": 0.7130044843049327,
    "none": 0.0
  },
  "Evidence F1": 0.27109552173237295,
  "Evidence Recall": 0.4685734374664878,
  "Missing predictions": 0
}