{
  "Answer F1": 0.32054207344857427,
  "Answer F1 by type": {
    "extractive": 0.33454803101993424,
    "abstractive": 0.16328493214393117,
    "boolean": 0.6832579185520362,
    "none": 0.0
  },
  "Evidence F1": 0.297216550321487,
  "Evidence Recall": 0.5074836602775595,
  "Missing predictions": 0
}