{
  "Answer F1": 0.36693798960258756,
  "Answer F1 by type": {
    "extractive": 0.3931843631887415,
    "abstractive": 0.16814887247237303,
    "boolean": 0.7610619469026548,
    "none": 0.0
  },
  "Evidence F1": 0.297216550321487,
  "Evidence Recall": 0.5074836602775595,
  "Missing predictions": 0
}