{
  "Answer F1": 0.36224524030313476,
  "Answer F1 by type": {
    "extractive": 0.36983948700723174,
    "abstractive": 0.22476621014786913,
    "boolean": 0.61839400638756,
    "none": 0.24191477448689988
  },
  "Evidence F1": 0.27109552173237295,
  "Evidence Recall": 0.4685734374664878,
  "Missing predictions": 0
}