{
  "Answer F1": 0.36153741932292965,
  "Answer F1 by type": {
    "extractive": 0.4609580428784284,
    "abstractive": 0.2782250949425013,
    "boolean": 0.26453601836191776,
    "none": 0.042961800104657256
  },
  "Evidence F1": 0.0,
  "Evidence Recall": 0.0,
  "Missing predictions": 0
}