{
  "Answer F1": 0.3792218550060194,
  "Answer F1 by type": {
    "extractive": 0.46405258612462835,
    "abstractive": 0.2789296451299684,
    "boolean": 0.3765443574386554,
    "none": 0.07596362777515352
  },
  "Evidence F1": 0.0,
  "Evidence Recall": 0.0,
  "Missing predictions": 0
}