{
  "Answer F1": 0.3749060567453611,
  "Answer F1 by type": {
    "extractive": 0.3924698838635214,
    "abstractive": 0.18369745129617032,
    "boolean": 0.7937219730941704,
    "none": 0.0
  },
  "Evidence F1": 0.30619945776387486,
  "Missing predictions": 0
}