{
  "Answer F1": 0.3933874928549493,
  "Answer F1 by type": {
    "extractive": 0.4303401134156321,
    "abstractive": 0.1884435498234186,
    "boolean": 0.7767857142857143,
    "none": 0.0
  },
  "Evidence F1": 0.1926142183727072,
  "Missing predictions": 0
}